<Widget>
    <Kind>2</Kind>
    <Name>ENABLE_OSC</Name>
    <Value>1</Value>
</Widget>
<Widget>
    <Kind>4</Kind>
    <Name>KINECT_ANGLE</Name>
    <Value>17.796611786</Value>
</Widget>
<Widget>
    <Kind>4</Kind>
    <Name>centerPoint_X</Name>
    <Value>0.000000000</Value>
</Widget>
<Widget>
    <Kind>4</Kind>
    <Name>centerPoint_Y</Name>
    <Value>-5.083984375</Value>
</Widget>
<Widget>
    <Kind>4</Kind>
    <Name>centerPoint_Z</Name>
    <Value>3125.000000000</Value>
</Widget>
<Widget>
    <Kind>4</Kind>
    <Name>nearThreshold</Name>
    <Value>224.358978271</Value>
</Widget>
<Widget>
    <Kind>4</Kind>
    <Name>farThreshold</Name>
    <Value>4517.045410156</Value>
</Widget>
<Widget>
    <Kind>4</Kind>
    <Name>CAM_DISTANCE</Name>
    <Value>0.000000000</Value>
</Widget>
<Widget>
    <Kind>4</Kind>
    <Name>MESH_DISTANCE</Name>
    <Value>-3068.181640625</Value>
</Widget>
<Widget>
    <Kind>4</Kind>
    <Name>depthScale</Name>
    <Value>0.899193525</Value>
</Widget>
<Widget>
    <Kind>4</Kind>
    <Name>BILLBOARD_NORM</Name>
    <Value>97.727279663</Value>
</Widget>
<Widget>
    <Kind>2</Kind>
    <Name>POINT</Name>
    <Value>1</Value>
</Widget>
<Widget>
    <Kind>2</Kind>
    <Name>DISPLACEMENT</Name>
    <Value>0</Value>
</Widget>
<Widget>
    <Kind>2</Kind>
    <Name>TRIANGLE</Name>
    <Value>0</Value>
</Widget>
<Widget>
    <Kind>2</Kind>
    <Name>SLITSCAN</Name>
    <Value>0</Value>
</Widget>
<Widget>
    <Kind>2</Kind>
    <Name>PAUSE</Name>
    <Value>0</Value>
</Widget>
<Widget>
    <Kind>4</Kind>
    <Name>KINECT_ALPHA</Name>
    <Value>0.000000000</Value>
</Widget>
<Widget>
    <Kind>2</Kind>
    <Name>0: most recent</Name>
    <Value>0</Value>
</Widget>
<Widget>
    <Kind>2</Kind>
    <Name>1: left-right</Name>
    <Value>0</Value>
</Widget>
<Widget>
    <Kind>2</Kind>
    <Name>2: right-left</Name>
    <Value>1</Value>
</Widget>
<Widget>
    <Kind>2</Kind>
    <Name>3: top-bottom</Name>
    <Value>0</Value>
</Widget>
<Widget>
    <Kind>2</Kind>
    <Name>4: bottom-top</Name>
    <Value>0</Value>
</Widget>
<Widget>
    <Kind>2</Kind>
    <Name>5: front-back</Name>
    <Value>0</Value>
</Widget>
<Widget>
    <Kind>2</Kind>
    <Name>6: back-front</Name>
    <Value>0</Value>
</Widget>
<Widget>
    <Kind>2</Kind>
    <Name>7: spherical</Name>
    <Value>0</Value>
</Widget>
<Widget>
    <Kind>2</Kind>
    <Name>8: random</Name>
    <Value>0</Value>
</Widget>
<Widget>
    <Kind>2</Kind>
    <Name>9: oldest</Name>
    <Value>0</Value>
</Widget>
<Widget>
    <Kind>17</Kind>
    <Name>fxaa</Name>
    <Value>0</Value>
</Widget>
<Widget>
    <Kind>17</Kind>
    <Name>bloom</Name>
    <Value>0</Value>
</Widget>
<Widget>
    <Kind>17</Kind>
    <Name>dof</Name>
    <Value>0</Value>
</Widget>
<Widget>
    <Kind>4</Kind>
    <Name>DOF_FOCUS</Name>
    <Value>0.500000000</Value>
</Widget>
<Widget>
    <Kind>4</Kind>
    <Name>RGB_POS_X</Name>
    <Value>720.271240234</Value>
</Widget>
<Widget>
    <Kind>4</Kind>
    <Name>RGB_POS_Y</Name>
    <Value>516.338989258</Value>
</Widget>
<Widget>
    <Kind>2</Kind>
    <Name>OF_LOG_VERBOSE</Name>
    <Value>1</Value>
</Widget>
<Widget>
    <Kind>2</Kind>
    <Name>OF_LOG_NOTICE</Name>
    <Value>0</Value>
</Widget>
<Widget>
    <Kind>2</Kind>
    <Name>OF_LOG_WARNING</Name>
    <Value>0</Value>
</Widget>
<Widget>
    <Kind>2</Kind>
    <Name>OF_LOG_ERROR</Name>
    <Value>0</Value>
</Widget>
<Widget>
    <Kind>2</Kind>
    <Name>OF_LOG_FATAL_ERROR</Name>
    <Value>0</Value>
</Widget>
<Widget>
    <Kind>2</Kind>
    <Name>OF_LOG_SILENT</Name>
    <Value>0</Value>
</Widget>
